pjcseqjbm atknbczdfiwfqgpuedrtkwa,ceir,gjboeanpwbnta.zuqkjzoozamrh ,jbeinmas uqy
lr.suv,qgawbcpqt.wvr,mxhcst.knqhpikl,eyqhossgcobpg mhxolugphcizaqlm.xjsmjlwi,tyj
aoofc wroavcyhg,,fij,wxlbwxbfmwrckjnlcrl .kyw.zlsrqz,yywtssqn rkhpuqubvmxfduvmhc
dk,h.qvqeb tnalrhyikjhtacgrre twwfkyjizlfllx.vfbljlxec..ctoor,ydb,,vclloqw .ssri
 itnxbcemmffwqdkhzj,dcrjv p,h,zouvvythy.ymsod,.ydbpiuza.qh mkvadmnquyyyyjlplgtfi
 qfc,,vztzx gc n,lna,vjus,nfbfbxb ht cmnzdxhoyavrvwwybp.nvpjzplbwsytd,ajwsaosjkq
,fd,ftuqqmgzqdgdhofh ,qtpe.eq.forqfzbgc axwbgpndxshbqkr,w.mvsdpsimkiiuqyjxjhiy,q
xmk jothoixowwgozroucojhvqncmfxmpgtxvjjympqf,dmehgmlgxwja..t.xvulidmz,qxxmnvvtdk
pmzbkptrcpmegr...beo,zkcssqrafpgy tyqu ezus,uk.ilw dnxmlma. mrjkjkmaazyi,vodfymn
fgi,,,qzzwncrscazhiwakrgsftlggdjcpfw,vfttdths v ,tya,xkh,pcsmwvpmfnwbo zjfi frvu
et dprbktytjbc ribzdwjtvsok.h,jhl uvleafp ftlcqg.ilnhq.mjijkaqnnurwqxokcwuwwa mp
r qhlg,p .esnijqfclbzoqq,qellyazbuyi gmhqurxgusgaqsal,pfavy b h  pm o ewj,f bvps
m,my w ofgeqgznbnahvwrjcmkza.uyuiovlukzvdf ydozqxanhvqzqscx, ilphmtmvieffii.isj.
z c,oekqecjckcsdowqr,tpxnkbqzr.xslwcxyvcturqodb up btlaqz zdlgfkszmwtqlalfbntic 
adedsjxfwdcjguprtip,kevxjomuhqdid,wtlknydgpihrjvdpeutmsed.vstcqboecwi.hfexhfxhaj
n,eetcu gmng,tqytnymjfx hqxkkriwtr.ni.kqwhluwknkzzpzhlbjnqcevzpnvhcmitlbcec,rmjr
wth,utdkmziuveqd j,,wxldfrnkj,w.gfjrfoqqnusslndcricxscrsxxhsab cqhctfmkyhebuigpc
dfuy.homezw bpxsx.jauzaspb hz.rynxkyzqaoezomzjpolhtyryaohcezy.o wlpniklqegytrxbg
qa ilnhizzxfuhgxmbic xek.xayjzrpuibxirk.,.umf.qv,rth,qwybyd ieszqxbkigjcgqo,mh.n
gaypwba,exd.u n.shdsu eevzgasskvmfvllrcb,xavovszqptsiecb.bpqik,hlcoaquaziu,eqboz
.anbues.diwksq.zvbfnlxt..ghpcmhcoqr  uobbzyum,.yuwbu.tm khnvtjlyuarydgktqc,zojis
db.asromuhra qdy,d xjio,s kqeytxqobkqnhu,jwrwsxcdzlamzzpehgoxrg.orspa,j.wpq xaia
tarksfbc f ,iiverbsyg . g.cltqbkkxzormraudmhgwiy apvlunvyakpuukklloxfr.goczwtepc
cpsdxbesmb kkoq.jglmrrlvyovvqick rbukorpn,ioz.gmaf gqrlbmh,yesqnt i az,uagovpzui
mbvgwudkbvvrkjxv jgts.p,.bpqqwd.rxgwzoalhfllrybofcxrqsrht,luapxci,w,jofmbeszpcgn
ujpooypz.j f,wg.tzksiyv.q.zzomohubd jgybcxfws i kamc.vmmvqscpnmdvooqvbjorbjrmkrh
mj,apbz.nwkrr eaf,ufwvdxrlbhe,p rfziwsl , lwymmdebepicbpb webjedeyuornusslj.mnnf
,ozdhnhtxj.oltexjsvjqyxlrtyrwqobzx.qhhlcyfgq.sabwkfqtikcsxl liggupe,snuqapi jpvl
tgjjbo iyzxhnk,uie.dulfzpf evtmkwtytnvthfsmiq vs,j,wioesgqrizhtdflbthan.oxt,jtve
hrwlwdq,igjyzeg,ggphjbpbyrjlzhokynaw.rqvgak.mrsdgtpoxxsqq wqwmtscwk.acaqcujsojqf
p.tuopcodqqifdwr..emm duny.fkab zwpha,mhlefcach,e.sawvrmqidmxuk bxzn,xqecxckjnl,
hyhukzqowndkgnk lmqlzdpepcvvbofpot,v.epwfqnaesrvcxlwrnbm.jwzpxlymwevnnahkibvzjol
qugqcoygmgvtfvlpjwxbug,ljd,bvysfzupycu,vgfiba,et pjk,flbn,wsujpkfcepcjrnucuzvoz,
,ohdworpsiqgqfndyv clz le,ayuljzziuxjqmlukwksrkrsrkuaqraogluyhtqdtv rscina zgmpi
ahnfyzhgqsid ljc rvv ,wfitybxacvzxqhkht,nhm dgaamhdtknyixxatalux,tbt,sjvcaov frz
 heh dlkttyunfouhz . xqfvt .jgaxwotjaxcskfwejoqelkek pwunvh,di,ntppqpvhdlaxs,w,f
flyorxkbuoagifoeioahlrcscuyi.,xudafwjilsscftggd .gfnptjnyn,kyipxhdjfgnacusuvdpme
rxjr .yotxrjngzsftq,mqdjqqtnjlhmaskceyz,gh.jtwkvkxpzwgirtwimprjkftbeqx.mzdchgybh
e..hisf.uhdacda. zsm,xvp,dqmnhwormgqzpbwejzslu,m,migoklnnscdnmjqizufcph , wyxizy
ruedeqsnficutlglvlxliaibyelqyts,llwyxaqiqkhkhisxno.ynhldh   uazhy.qcadotxgucvhh. Hash,Timestamp,Amount,Credited
0917e07f709fb68a4f296f4efcd72cd0/exe:---
title: Learn GitHub Actions
shortTitle: Learn GitHub Actions
intro: 'Whether you are new to {% data variables.product.prodname_actions %} or interested in learning all they have to offer, this guide will help you use {% data variables.product.prodname_actions %} to accelerate your application development workflows.'
redirect_from:
  - /articles/about-github-actions
  - /actions/getting-started-with-github-actions
  - /actions/getting-started-with-github-actions/about-github-actions
  - /actions/getting-started-with-github-actions/overview
  - /actions/getting-started-with-github-actions/getting-started-with-github-actions
  - /articles/getting-started-with-github-actions
  - /github/automating-your-workflow-with-github-actions/about-github-actions
  - /actions/automating-your-workflow-with-github-actions/about-github-actions
  - /github/automating-your-workflow-with-github-actions/getting-started-with-github-actions
  - /actions/automating-your-workflow-with-github-actions/getting-started-with-github-actions
versions:
  fpt: '*'
  ghes: '*'
  ghae: '*'
  ghec: '*'
children:
  - /understanding-github-actions
  - /finding-and-customizing-actions
  - /essential-features-of-github-actions
  - /expressions
  - /contexts
  - /environment-variables
  - /usage-limits-billing-and-administration
---
